VCFBLS,Accuracy,F-Score,Precision,Sensitivity,TP,FN,FP,TN,Training time
VCFBLS_p300_none,59.063655,41.802896,48.456957,36.755647,1790,3080,1904,5401,11.02599549293518
