VFBLS,Accuracy,F-Score,Precision,Sensitivity,TP,FN,FP,TN,Training time
VFBLS_p300_none,59.112936,40.554096,48.458904,34.866530,1698,3172,1806,5499,14.713572263717651
